"DESCRIPTION","DURATION IN MS","NAME","PARENT SUITE","START TIME","STATUS","STOP TIME","SUB SUITE","SUITE","TEST CLASS","TEST METHOD"
"","10932","httpPushNonFiniteDataTransfer()","","Mon Jun 29 08:24:22 UTC 2026","passed","Mon Jun 29 08:24:33 UTC 2026","","org.eclipse.tractusx.edc.tests.transfer.TransferPushEndToEndTest.Dsp08to08","org.eclipse.tractusx.edc.tests.transfer.TransferPushEndToEndTest$Dsp08to08","httpPushNonFiniteDataTransfer"
"","77","Verify the refresh endpoint is not called when token not yet expired","","Mon Jun 29 08:20:40 UTC 2026","passed","Mon Jun 29 08:20:40 UTC 2026","","org.eclipse.tractusx.edc.tests.edrv2.EdrCacheApiEndToEndTest","org.eclipse.tractusx.edc.tests.edrv2.EdrCacheApiEndToEndTest","getEdrWithRefresh_notExpired_shouldNotCallEndpoint"
"","63","4.3.3 Verify invalid access token - expired","","Mon Jun 29 08:20:35 UTC 2026","passed","Mon Jun 29 08:20:35 UTC 2026","","org.eclipse.dataspacetck.dcp.verification.presentation.verifier.PresentationFlowSection4Test","org.eclipse.dataspacetck.dcp.verification.presentation.verifier.PresentationFlowSection4Test","verifier_04_03_03_idTokenExpired"
"","581","Verify that the consumer receives only the offers he is permitted to (using the legacy CX policy)","","Mon Jun 29 08:21:55 UTC 2026","passed","Mon Jun 29 08:21:55 UTC 2026","","org.eclipse.tractusx.edc.tests.catalog.CatalogTestDspV08","org.eclipse.tractusx.edc.tests.catalog.CatalogTestDspV08","requestCatalog_filteredByBpn_UsingLegacyCxPolicy_shouldReject"
"","89","Provider gets 200 when asset selector has a valid criterion","","Mon Jun 29 08:21:08 UTC 2026","passed","Mon Jun 29 08:21:08 UTC 2026","","org.eclipse.tractusx.edc.tests.validators.EmptyAssetSelectorValidatorTest","org.eclipse.tractusx.edc.tests.validators.EmptyAssetSelectorValidatorTest","shouldPass_whenContractDefinitionHasCorrectAssetSelector"
"","42","Policy is not accepted due to missing context ""Warranty Duration Months""","","Mon Jun 29 08:20:49 UTC 2026","passed","Mon Jun 29 08:20:49 UTC 2026","","org.eclipse.tractusx.edc.tests.policy.PolicyDefinitionEndToEndTest","org.eclipse.tractusx.edc.tests.policy.PolicyDefinitionEndToEndTest","shouldNotAcceptInvalidNamespacePolicyDefinitions"
"","296","Expect the Catalog request to fail if a requested credential is missing","","Mon Jun 29 08:21:49 UTC 2026","passed","Mon Jun 29 08:21:49 UTC 2026","","org.eclipse.tractusx.edc.tests.transfer.DivConsumerPullTest","org.eclipse.tractusx.edc.tests.transfer.DivConsumerPullTest","catalogRequest_whenRequestedCredentialMissing"
"","8982","transferFile_withBucketCreation_success()","","Mon Jun 29 08:21:50 UTC 2026","passed","Mon Jun 29 08:21:59 UTC 2026","","org.eclipse.tractusx.edc.tests.transfer.S3ToS3EndToEndTest","org.eclipse.tractusx.edc.tests.transfer.S3ToS3EndToEndTest","transferFile_withBucketCreation_success"
"","79","Policy is accepted ""Data Usage End Duration Days""","","Mon Jun 29 08:20:46 UTC 2026","passed","Mon Jun 29 08:20:46 UTC 2026","","org.eclipse.tractusx.edc.tests.policy.PolicyDefinitionEndToEndTest","org.eclipse.tractusx.edc.tests.policy.PolicyDefinitionEndToEndTest","shouldAcceptValidPolicyDefinitions"
"","2691","shouldDelegateAuth()","","Mon Jun 29 08:20:53 UTC 2026","passed","Mon Jun 29 08:20:56 UTC 2026","","org.eclipse.tractusx.edc.tests.auth.DelegatedAuthEndToEndTest","org.eclipse.tractusx.edc.tests.auth.DelegatedAuthEndToEndTest","shouldDelegateAuth"
"","35","Verifier should resolve the DID from the prover's ID token","","Mon Jun 29 08:20:36 UTC 2026","passed","Mon Jun 29 08:20:36 UTC 2026","","org.eclipse.dataspacetck.dcp.verification.presentation.verifier.PresentationFlowSection5Test","org.eclipse.dataspacetck.dcp.verification.presentation.verifier.PresentationFlowSection5Test","presentationResponse_endpointDiscovery"
"","67","Policy is accepted ""Confidential Information Measures""","","Mon Jun 29 08:20:47 UTC 2026","passed","Mon Jun 29 08:20:47 UTC 2026","","org.eclipse.tractusx.edc.tests.policy.PolicyDefinitionEndToEndTest","org.eclipse.tractusx.edc.tests.policy.PolicyDefinitionEndToEndTest","shouldAcceptValidPolicyDefinitions"
"","5039","httpPushDataTransfer()","","Mon Jun 29 08:24:58 UTC 2026","passed","Mon Jun 29 08:25:03 UTC 2026","","org.eclipse.tractusx.edc.tests.transfer.TransferPushEndToEndTest.Dsp2025to2025","org.eclipse.tractusx.edc.tests.transfer.TransferPushEndToEndTest$Dsp2025to2025","httpPushDataTransfer"
"","154129","assertDspCompatibility()","","Mon Jun 29 08:20:45 UTC 2026","passed","Mon Jun 29 08:23:19 UTC 2026","","org.eclipse.tractusx.edc.tests.tck.dsp.EdcCompatibilityPostgresTest","org.eclipse.tractusx.edc.tests.tck.dsp.EdcCompatibilityPostgresTest","assertDspCompatibility"
"","254","Verify that the consumer receives only the offers he is permitted to (using the legacy BPN validation)","","Mon Jun 29 08:21:34 UTC 2026","passed","Mon Jun 29 08:21:35 UTC 2026","","org.eclipse.tractusx.edc.tests.catalog.CatalogTest","org.eclipse.tractusx.edc.tests.catalog.CatalogTest","requestCatalog_filteredByBpnLegacy_shouldReject"
"","4037","transferData_failing_withProxyOriginalResponse()","","Mon Jun 29 08:23:11 UTC 2026","passed","Mon Jun 29 08:23:15 UTC 2026","","org.eclipse.tractusx.edc.tests.transfer.TransferPullEndToEndTest.Dsp2025to2025","org.eclipse.tractusx.edc.tests.transfer.TransferPullEndToEndTest$Dsp2025to2025","transferData_failing_withProxyOriginalResponse"
"","111","X.X Verifier should reject Presentations where at least 1 credential schema is violated","","Mon Jun 29 08:20:36 UTC 2026","passed","Mon Jun 29 08:20:36 UTC 2026","","org.eclipse.dataspacetck.dcp.verification.presentation.verifier.PresentationFlowSection5Test","org.eclipse.dataspacetck.dcp.verification.presentation.verifier.PresentationFlowSection5Test","verifier_x_x_presentationResponse_invalidCredentialSchema"
"","64","Policy is accepted ""Enforce data usage end date 1 second in the future""","","Mon Jun 29 08:20:47 UTC 2026","passed","Mon Jun 29 08:20:47 UTC 2026","","org.eclipse.tractusx.edc.tests.policy.PolicyDefinitionEndToEndTest","org.eclipse.tractusx.edc.tests.policy.PolicyDefinitionEndToEndTest","shouldAcceptValidPolicyDefinitions"
"","209","Multiple ContractDefinitions exist for one Asset","","Mon Jun 29 08:21:34 UTC 2026","passed","Mon Jun 29 08:21:34 UTC 2026","","org.eclipse.tractusx.edc.tests.catalog.CatalogTest","org.eclipse.tractusx.edc.tests.catalog.CatalogTest","requestCatalog_multipleOffersForAsset"
"","58","5.4.2.1 Verifier should reject a presentation response message that contains a different credential than requested","","Mon Jun 29 08:20:36 UTC 2026","passed","Mon Jun 29 08:20:36 UTC 2026","","org.eclipse.dataspacetck.dcp.verification.presentation.verifier.PresentationFlowSection5Test","org.eclipse.dataspacetck.dcp.verification.presentation.verifier.PresentationFlowSection5Test","verifier_05_04_02_01_presentationResponse_tooFewCredentials"
"","1","verifyCorrectParticipantAgentId_forDsp2025(DataspaceProfileContextRegistry)","","Mon Jun 29 08:22:23 UTC 2026","passed","Mon Jun 29 08:22:23 UTC 2026","","org.eclipse.tractusx.edc.tests.transfer.IdentityExtractionTest","org.eclipse.tractusx.edc.tests.transfer.IdentityExtractionTest","verifyCorrectParticipantAgentId_forDsp2025"
"","7517","transferData_withAutomaticRefresh()","","Mon Jun 29 08:25:32 UTC 2026","passed","Mon Jun 29 08:25:39 UTC 2026","","org.eclipse.tractusx.edc.tests.transfer.TransferWithTokenRefreshTest","org.eclipse.tractusx.edc.tests.transfer.TransferWithTokenRefreshTest","transferData_withAutomaticRefresh"
"","340","Consumer gets catalog from the provider. No constraints.","","Mon Jun 29 08:20:45 UTC 2026","passed","Mon Jun 29 08:20:45 UTC 2026","","org.eclipse.tractusx.edc.tests.catalog.CatalogTest","org.eclipse.tractusx.edc.tests.catalog.CatalogTest","requestCatalog_fulfillsPolicy_shouldReturnOffer"
"","44","discoveryShouldReturn502_ifMetadaEndpointNotReachable()","","Mon Jun 29 08:21:05 UTC 2026","passed","Mon Jun 29 08:21:05 UTC 2026","","org.eclipse.tractusx.edc.discovery.e2e.ConnectorParameterDiscoveryTest","org.eclipse.tractusx.edc.discovery.e2e.ConnectorParameterDiscoveryTest","discoveryShouldReturn502_ifMetadaEndpointNotReachable"
"","75","5.1 Verifier should accept a valid PresentationResponseMessage","","Mon Jun 29 08:20:36 UTC 2026","passed","Mon Jun 29 08:20:36 UTC 2026","","org.eclipse.dataspacetck.dcp.verification.presentation.verifier.PresentationFlowSection5Test","org.eclipse.dataspacetck.dcp.verification.presentation.verifier.PresentationFlowSection5Test","verifier_05_01_presentationResponse_success"
"","4182","transferData_successful_notReturnOriginalSourceResponseCode_withTerminate()","","Mon Jun 29 08:23:46 UTC 2026","passed","Mon Jun 29 08:23:50 UTC 2026","","org.eclipse.tractusx.edc.tests.transfer.TransferPullEndToEndTest.Dsp2025to2025","org.eclipse.tractusx.edc.tests.transfer.TransferPullEndToEndTest$Dsp2025to2025","transferData_successful_notReturnOriginalSourceResponseCode_withTerminate"
"","51","4.3.3 Verify invalid access token - incorrect aud","","Mon Jun 29 08:20:35 UTC 2026","passed","Mon Jun 29 08:20:35 UTC 2026","","org.eclipse.dataspacetck.dcp.verification.presentation.verifier.PresentationFlowSection4Test","org.eclipse.dataspacetck.dcp.verification.presentation.verifier.PresentationFlowSection4Test","verifier_04_03_03_idTokenIncorrectAud"
"","211","Consumer gets catalog from the provider. No constraints.","","Mon Jun 29 08:21:56 UTC 2026","passed","Mon Jun 29 08:21:56 UTC 2026","","org.eclipse.tractusx.edc.tests.catalog.CatalogTestDspV08","org.eclipse.tractusx.edc.tests.catalog.CatalogTestDspV08","requestCatalog_fulfillsPolicy_shouldReturnOffer"
"","15261","transferData_withTerminate()","","Mon Jun 29 08:21:59 UTC 2026","passed","Mon Jun 29 08:22:14 UTC 2026","","org.eclipse.tractusx.edc.tests.transfer.TransferPullEndToEndTest.Dsp08to08","org.eclipse.tractusx.edc.tests.transfer.TransferPullEndToEndTest$Dsp08to08","transferData_withTerminate"
"","17287","Malicious actor should not impersonate a consumer sending a valid consumer VP","","Mon Jun 29 08:20:46 UTC 2026","passed","Mon Jun 29 08:21:04 UTC 2026","","org.eclipse.tractusx.edc.tests.transfer.CredentialSpoofTest","org.eclipse.tractusx.edc.tests.transfer.CredentialSpoofTest","shouldNotImpersonateConsumer_withConsumerPresentation"
"","6572","httpPushDataTransfer_withLegacyUsagePolicy()","","Mon Jun 29 08:24:11 UTC 2026","passed","Mon Jun 29 08:24:17 UTC 2026","","org.eclipse.tractusx.edc.tests.transfer.TransferPushEndToEndTest.Dsp08to08","org.eclipse.tractusx.edc.tests.transfer.TransferPushEndToEndTest$Dsp08to08","httpPushDataTransfer_withLegacyUsagePolicy"
"","50","Policy is not accepted due to missing context ""Warranty""","","Mon Jun 29 08:20:49 UTC 2026","passed","Mon Jun 29 08:20:49 UTC 2026","","org.eclipse.tractusx.edc.tests.policy.PolicyDefinitionEndToEndTest","org.eclipse.tractusx.edc.tests.policy.PolicyDefinitionEndToEndTest","shouldNotAcceptInvalidNamespacePolicyDefinitions"
"","42","Policy is not accepted due to missing context ""Data Usage End Duration Days""","","Mon Jun 29 08:20:49 UTC 2026","passed","Mon Jun 29 08:20:49 UTC 2026","","org.eclipse.tractusx.edc.tests.policy.PolicyDefinitionEndToEndTest","org.eclipse.tractusx.edc.tests.policy.PolicyDefinitionEndToEndTest","shouldNotAcceptInvalidNamespacePolicyDefinitions"
"","300","Expect the Catalog request to fail if a credential has an invalid credential subject id","","Mon Jun 29 08:21:48 UTC 2026","passed","Mon Jun 29 08:21:49 UTC 2026","","org.eclipse.tractusx.edc.tests.transfer.DivConsumerPullTest","org.eclipse.tractusx.edc.tests.transfer.DivConsumerPullTest","catalogRequest_whenCredentialSubjectIdIsInvalid"
"","6333","Contract policy is fulfilled ""MembershipCredential""","","Mon Jun 29 08:22:44 UTC 2026","passed","Mon Jun 29 08:22:51 UTC 2026","","org.eclipse.tractusx.edc.tests.transfer.StsConsumerPullTest","org.eclipse.tractusx.edc.tests.transfer.StsConsumerPullTest","transferData_whenContractPolicyFulfilled"
"","43","Policy is not accepted due to missing context ""Data Frequency""","","Mon Jun 29 08:20:48 UTC 2026","passed","Mon Jun 29 08:20:48 UTC 2026","","org.eclipse.tractusx.edc.tests.policy.PolicyDefinitionEndToEndTest","org.eclipse.tractusx.edc.tests.policy.PolicyDefinitionEndToEndTest","shouldNotAcceptInvalidNamespacePolicyDefinitions"
"","2057","transferFile_targetContainerNotExist_shouldFail(Vault)","","Mon Jun 29 08:21:19 UTC 2026","passed","Mon Jun 29 08:21:21 UTC 2026","","org.eclipse.tractusx.edc.dataplane.transfer.test.AzureToAzureTest","org.eclipse.tractusx.edc.dataplane.transfer.test.AzureToAzureTest","transferFile_targetContainerNotExist_shouldFail"
"","56","Policy is accepted ""Access policy with empty permission""","","Mon Jun 29 08:20:47 UTC 2026","passed","Mon Jun 29 08:20:47 UTC 2026","","org.eclipse.tractusx.edc.tests.policy.PolicyDefinitionEndToEndTest","org.eclipse.tractusx.edc.tests.policy.PolicyDefinitionEndToEndTest","shouldAcceptValidPolicyDefinitions"
"","20249","transferFile_largeFile(long, Vault) File size bytes: 536870912","","Mon Jun 29 08:20:28 UTC 2026","passed","Mon Jun 29 08:20:48 UTC 2026","","org.eclipse.tractusx.edc.dataplane.transfer.test.AzureToAzureTest","org.eclipse.tractusx.edc.dataplane.transfer.test.AzureToAzureTest","transferFile_largeFile"
"","76","Policy is accepted ""Liability""","","Mon Jun 29 08:20:46 UTC 2026","passed","Mon Jun 29 08:20:46 UTC 2026","","org.eclipse.tractusx.edc.tests.policy.PolicyDefinitionEndToEndTest","org.eclipse.tractusx.edc.tests.policy.PolicyDefinitionEndToEndTest","shouldAcceptValidPolicyDefinitions"
"","6963","The authentication token misses required claims: token","","Mon Jun 29 08:20:13 UTC 2026","passed","Mon Jun 29 08:20:20 UTC 2026","","org.eclipse.tractusx.edc.dataplane.tokenrefresh.e2e.DataPlaneTokenRefreshEndToEndTest","org.eclipse.tractusx.edc.dataplane.tokenrefresh.e2e.DataPlaneTokenRefreshEndToEndTest","refresh_invalidAuthenticationToken_missingAccessToken"
"","7048","azureBlobPush_withDestFolder()","","Mon Jun 29 08:21:06 UTC 2026","passed","Mon Jun 29 08:21:13 UTC 2026","","org.eclipse.tractusx.edc.tests.transfer.AzureToAzureEndToEndTest","org.eclipse.tractusx.edc.tests.transfer.AzureToAzureEndToEndTest","azureBlobPush_withDestFolder"
"","4751","Contract policy is fulfilled ""DataExchangeGovernance use case""","","Mon Jun 29 08:21:56 UTC 2026","passed","Mon Jun 29 08:22:01 UTC 2026","","org.eclipse.tractusx.edc.tests.transfer.DivConsumerPullTest","org.eclipse.tractusx.edc.tests.transfer.DivConsumerPullTest","transferData_whenContractPolicyFulfilled"
"","73","Policy is accepted ""Version Changes""","","Mon Jun 29 08:20:46 UTC 2026","passed","Mon Jun 29 08:20:46 UTC 2026","","org.eclipse.tractusx.edc.tests.policy.PolicyDefinitionEndToEndTest","org.eclipse.tractusx.edc.tests.policy.PolicyDefinitionEndToEndTest","shouldAcceptValidPolicyDefinitions"
"","134","5.4.3.6 Verifier should reject Presentations where at least 1 credential is revoked/suspended","","Mon Jun 29 08:20:36 UTC 2026","passed","Mon Jun 29 08:20:36 UTC 2026","","org.eclipse.dataspacetck.dcp.verification.presentation.verifier.PresentationFlowSection5Test","org.eclipse.dataspacetck.dcp.verification.presentation.verifier.PresentationFlowSection5Test","verifier_05_04_03_06_presentationResponse_credentialRevoked"
"","98","Policy is accepted ""Affiliates Region""","","Mon Jun 29 08:20:45 UTC 2026","passed","Mon Jun 29 08:20:45 UTC 2026","","org.eclipse.tractusx.edc.tests.policy.PolicyDefinitionEndToEndTest","org.eclipse.tractusx.edc.tests.policy.PolicyDefinitionEndToEndTest","shouldAcceptValidPolicyDefinitions"
"","2448","Refresh token is null or empty (missing) [1] null","","Mon Jun 29 08:20:25 UTC 2026","passed","Mon Jun 29 08:20:27 UTC 2026","","org.eclipse.tractusx.edc.dataplane.tokenrefresh.e2e.DataPlaneTokenRefreshEndToEndTest","org.eclipse.tractusx.edc.dataplane.tokenrefresh.e2e.DataPlaneTokenRefreshEndToEndTest","refresh_invalidRefreshToken"
"","6618","httpPushDataTransfer_withLegacyUsagePolicy()","","Mon Jun 29 08:24:52 UTC 2026","passed","Mon Jun 29 08:24:58 UTC 2026","","org.eclipse.tractusx.edc.tests.transfer.TransferPushEndToEndTest.Dsp2025to2025","org.eclipse.tractusx.edc.tests.transfer.TransferPushEndToEndTest$Dsp2025to2025","httpPushDataTransfer_withLegacyUsagePolicy"
"","32458","shouldTerminateTransfer_whenDataUsageEndDatePolicyExpires()","","Mon Jun 29 08:21:44 UTC 2026","passed","Mon Jun 29 08:22:16 UTC 2026","","org.eclipse.tractusx.edc.tests.policy.PolicyMonitorEndToEndTest","org.eclipse.tractusx.edc.tests.policy.PolicyMonitorEndToEndTest","shouldTerminateTransfer_whenDataUsageEndDatePolicyExpires"
"","3722","Verify that the consumer receives only the offers he is permitted to (using the legacy CX policy)","","Mon Jun 29 08:20:40 UTC 2026","passed","Mon Jun 29 08:20:44 UTC 2026","","org.eclipse.tractusx.edc.tests.catalog.CatalogTest","org.eclipse.tractusx.edc.tests.catalog.CatalogTest","requestCatalog_filteredByBpn_UsingLegacyCxPolicy_shouldReject"
"","66","triggerDataTransfer_shouldFail_whenDataFlowIsNotInStartedState()","","Mon Jun 29 08:20:47 UTC 2026","passed","Mon Jun 29 08:20:47 UTC 2026","","org.eclipse.tractusx.edc.tests.transfer.DataFlowApiEndToEndTest","org.eclipse.tractusx.edc.tests.transfer.DataFlowApiEndToEndTest","triggerDataTransfer_shouldFail_whenDataFlowIsNotInStartedState"
"","65","Policy is accepted ""Precedence""","","Mon Jun 29 08:20:46 UTC 2026","passed","Mon Jun 29 08:20:46 UTC 2026","","org.eclipse.tractusx.edc.tests.policy.PolicyDefinitionEndToEndTest","org.eclipse.tractusx.edc.tests.policy.PolicyDefinitionEndToEndTest","shouldAcceptValidPolicyDefinitions"
"","58","5.4.3 Verifier should reject Presentations where the holder does not match the credentialSubject.id","","Mon Jun 29 08:20:36 UTC 2026","passed","Mon Jun 29 08:20:36 UTC 2026","","org.eclipse.dataspacetck.dcp.verification.presentation.verifier.PresentationFlowSection5Test","org.eclipse.dataspacetck.dcp.verification.presentation.verifier.PresentationFlowSection5Test","verifier_05_04_03_presentationResponse_holderNotEqualSubjectId"
"","2212","Verify the refresh endpoint is not called when auto_refresh=false","","Mon Jun 29 08:20:37 UTC 2026","passed","Mon Jun 29 08:20:39 UTC 2026","","org.eclipse.tractusx.edc.tests.edrv2.EdrCacheApiEndToEndTest","org.eclipse.tractusx.edc.tests.edrv2.EdrCacheApiEndToEndTest","getEdrWithRefresh_whenNotAutorefresh_shouldNotCallEndpoint"
"","1","verifyAgentId_whenNoMembershipCredential_forDsp2025(DataspaceProfileContextRegistry)","","Mon Jun 29 08:22:23 UTC 2026","passed","Mon Jun 29 08:22:23 UTC 2026","","org.eclipse.tractusx.edc.tests.transfer.IdentityExtractionTest","org.eclipse.tractusx.edc.tests.transfer.IdentityExtractionTest","verifyAgentId_whenNoMembershipCredential_forDsp2025"
"","41","Policy is not accepted due to missing context ""Jurisdiction Location Reference""","","Mon Jun 29 08:20:49 UTC 2026","passed","Mon Jun 29 08:20:49 UTC 2026","","org.eclipse.tractusx.edc.tests.policy.PolicyDefinitionEndToEndTest","org.eclipse.tractusx.edc.tests.policy.PolicyDefinitionEndToEndTest","shouldNotAcceptInvalidNamespacePolicyDefinitions"
"","3945","transferData_privateBackend_withConsumerDataPlane()","","Mon Jun 29 08:21:42 UTC 2026","passed","Mon Jun 29 08:21:46 UTC 2026","","org.eclipse.tractusx.edc.tests.transfer.TransferPullEndToEndTest.Dsp08to08","org.eclipse.tractusx.edc.tests.transfer.TransferPullEndToEndTest$Dsp08to08","transferData_privateBackend_withConsumerDataPlane"
"","571","refreshEdr()","","Mon Jun 29 08:20:39 UTC 2026","passed","Mon Jun 29 08:20:40 UTC 2026","","org.eclipse.tractusx.edc.tests.edrv2.EdrCacheApiEndToEndTest","org.eclipse.tractusx.edc.tests.edrv2.EdrCacheApiEndToEndTest","refreshEdr"
"","45","Policy is not accepted due to missing context ""Contract reference""","","Mon Jun 29 08:20:49 UTC 2026","passed","Mon Jun 29 08:20:49 UTC 2026","","org.eclipse.tractusx.edc.tests.policy.PolicyDefinitionEndToEndTest","org.eclipse.tractusx.edc.tests.policy.PolicyDefinitionEndToEndTest","shouldNotAcceptInvalidNamespacePolicyDefinitions"
"","40","Policy is not accepted due to missing context ""Confidential Information Sharing""","","Mon Jun 29 08:20:49 UTC 2026","passed","Mon Jun 29 08:20:49 UTC 2026","","org.eclipse.tractusx.edc.tests.policy.PolicyDefinitionEndToEndTest","org.eclipse.tractusx.edc.tests.policy.PolicyDefinitionEndToEndTest","shouldNotAcceptInvalidNamespacePolicyDefinitions"
"","295","4.3.3 Verify invalid access token - jti","","Mon Jun 29 08:20:35 UTC 2026","passed","Mon Jun 29 08:20:35 UTC 2026","","org.eclipse.dataspacetck.dcp.verification.presentation.verifier.PresentationFlowSection4Test","org.eclipse.dataspacetck.dcp.verification.presentation.verifier.PresentationFlowSection4Test","verifier_04_03_03_idTokenJtiUsedTwice"
"","45","Policy is not accepted due to missing context ""ContractTermination""","","Mon Jun 29 08:20:49 UTC 2026","passed","Mon Jun 29 08:20:49 UTC 2026","","org.eclipse.tractusx.edc.tests.policy.PolicyDefinitionEndToEndTest","org.eclipse.tractusx.edc.tests.policy.PolicyDefinitionEndToEndTest","shouldNotAcceptInvalidNamespacePolicyDefinitions"
"","190","Expect the Catalog request to fail if a credential is revoked","","Mon Jun 29 08:22:44 UTC 2026","passed","Mon Jun 29 08:22:44 UTC 2026","","org.eclipse.tractusx.edc.tests.transfer.StsConsumerPullTest","org.eclipse.tractusx.edc.tests.transfer.StsConsumerPullTest","catalogRequest_whenCredentialRevoked"
"","5458","transferData_privateBackend()","","Mon Jun 29 08:21:37 UTC 2026","passed","Mon Jun 29 08:21:42 UTC 2026","","org.eclipse.tractusx.edc.tests.transfer.TransferPullEndToEndTest.Dsp08to08","org.eclipse.tractusx.edc.tests.transfer.TransferPullEndToEndTest$Dsp08to08","transferData_privateBackend"
"","42","Policy is not accepted due to missing context ""Precedence""","","Mon Jun 29 08:20:49 UTC 2026","passed","Mon Jun 29 08:20:49 UTC 2026","","org.eclipse.tractusx.edc.tests.policy.PolicyDefinitionEndToEndTest","org.eclipse.tractusx.edc.tests.policy.PolicyDefinitionEndToEndTest","shouldNotAcceptInvalidNamespacePolicyDefinitions"
"","32","Verifier should reject an auth token without the Bearer prefix","","Mon Jun 29 08:20:35 UTC 2026","passed","Mon Jun 29 08:20:35 UTC 2026","","org.eclipse.dataspacetck.dcp.verification.presentation.verifier.PresentationFlowSection4Test","org.eclipse.dataspacetck.dcp.verification.presentation.verifier.PresentationFlowSection4Test","presentationResponse_rejectMissingBearerPrefix"
"","2409","The authentication token has a invalid id","","Mon Jun 29 08:20:30 UTC 2026","passed","Mon Jun 29 08:20:32 UTC 2026","","org.eclipse.tractusx.edc.dataplane.tokenrefresh.e2e.DataPlaneTokenRefreshEndToEndTest","org.eclipse.tractusx.edc.dataplane.tokenrefresh.e2e.DataPlaneTokenRefreshEndToEndTest","refresh_invalidTokenId"
"","209","Verify that the consumer receives only the offers he is permitted to (using BPN group validation)","","Mon Jun 29 08:21:34 UTC 2026","passed","Mon Jun 29 08:21:34 UTC 2026","","org.eclipse.tractusx.edc.tests.catalog.CatalogTest","org.eclipse.tractusx.edc.tests.catalog.CatalogTest","requestCatalog_filteredByBpnGroup_shouldReturnOffer"
"","5844","Contract policy is fulfilled ""DataExchangeGovernance use case""","","Mon Jun 29 08:22:51 UTC 2026","passed","Mon Jun 29 08:22:57 UTC 2026","","org.eclipse.tractusx.edc.tests.transfer.StsConsumerPullTest","org.eclipse.tractusx.edc.tests.transfer.StsConsumerPullTest","transferData_whenContractPolicyFulfilled"
"","56","Policy is accepted ""Empty Policy""","","Mon Jun 29 08:20:47 UTC 2026","passed","Mon Jun 29 08:20:47 UTC 2026","","org.eclipse.tractusx.edc.tests.policy.PolicyDefinitionEndToEndTest","org.eclipse.tractusx.edc.tests.policy.PolicyDefinitionEndToEndTest","shouldAcceptValidPolicyDefinitions"
"","2509","The Authorization header is missing","","Mon Jun 29 08:20:20 UTC 2026","passed","Mon Jun 29 08:20:22 UTC 2026","","org.eclipse.tractusx.edc.dataplane.tokenrefresh.e2e.DataPlaneTokenRefreshEndToEndTest","org.eclipse.tractusx.edc.dataplane.tokenrefresh.e2e.DataPlaneTokenRefreshEndToEndTest","refresh_missingAuthHeader"
"","61","Policy is not accepted due to missing context ""MembershipCredential""","","Mon Jun 29 08:20:48 UTC 2026","passed","Mon Jun 29 08:20:48 UTC 2026","","org.eclipse.tractusx.edc.tests.policy.PolicyDefinitionEndToEndTest","org.eclipse.tractusx.edc.tests.policy.PolicyDefinitionEndToEndTest","shouldNotAcceptInvalidNamespacePolicyDefinitions"
"","8182","azureBlobPush_containerNotExist()","","Mon Jun 29 08:21:13 UTC 2026","passed","Mon Jun 29 08:21:21 UTC 2026","","org.eclipse.tractusx.edc.tests.transfer.AzureToAzureEndToEndTest","org.eclipse.tractusx.edc.tests.transfer.AzureToAzureEndToEndTest","azureBlobPush_containerNotExist"
"","293","Verify that the consumer receives only the offers he is permitted to (using the new BPN validation)","","Mon Jun 29 08:21:56 UTC 2026","passed","Mon Jun 29 08:21:56 UTC 2026","","org.eclipse.tractusx.edc.tests.catalog.CatalogTestDspV08","org.eclipse.tractusx.edc.tests.catalog.CatalogTestDspV08","requestCatalog_filteredByBpn_shouldReject"
"","45","Policy is not accepted due to missing context ""Business Partner Number""","","Mon Jun 29 08:20:49 UTC 2026","passed","Mon Jun 29 08:20:49 UTC 2026","","org.eclipse.tractusx.edc.tests.policy.PolicyDefinitionEndToEndTest","org.eclipse.tractusx.edc.tests.policy.PolicyDefinitionEndToEndTest","shouldNotAcceptInvalidNamespacePolicyDefinitions"
"","7479","Contract policy is fulfilled ""MembershipCredential""","","Mon Jun 29 08:21:49 UTC 2026","passed","Mon Jun 29 08:21:56 UTC 2026","","org.eclipse.tractusx.edc.tests.transfer.DivConsumerPullTest","org.eclipse.tractusx.edc.tests.transfer.DivConsumerPullTest","transferData_whenContractPolicyFulfilled"
"","44","Policy is not accepted due to missing context ""Version Changes""","","Mon Jun 29 08:20:49 UTC 2026","passed","Mon Jun 29 08:20:49 UTC 2026","","org.eclipse.tractusx.edc.tests.policy.PolicyDefinitionEndToEndTest","org.eclipse.tractusx.edc.tests.policy.PolicyDefinitionEndToEndTest","shouldNotAcceptInvalidNamespacePolicyDefinitions"
"","468","discoveryShouldReturnDspParams_BpnAsIdentifier()","","Mon Jun 29 08:20:32 UTC 2026","passed","Mon Jun 29 08:20:33 UTC 2026","","org.eclipse.tractusx.edc.discovery.e2e.ConnectorDiscoveryTest","org.eclipse.tractusx.edc.discovery.e2e.ConnectorDiscoveryTest","discoveryShouldReturnDspParams_BpnAsIdentifier"
"","55","Expect the Catalog request to fail if a requested credential is missing","","Mon Jun 29 08:22:44 UTC 2026","passed","Mon Jun 29 08:22:44 UTC 2026","","org.eclipse.tractusx.edc.tests.transfer.StsConsumerPullTest","org.eclipse.tractusx.edc.tests.transfer.StsConsumerPullTest","catalogRequest_whenRequestedCredentialMissing"
"","304","Verify that the consumer receives only the offers he is permitted to (using the legacy BPN validation)","","Mon Jun 29 08:21:55 UTC 2026","passed","Mon Jun 29 08:21:56 UTC 2026","","org.eclipse.tractusx.edc.tests.catalog.CatalogTestDspV08","org.eclipse.tractusx.edc.tests.catalog.CatalogTestDspV08","requestCatalog_filteredByBpnLegacy_WithNamespace_shouldReject"
"","59","Policy is accepted ""Usage Purpose""","","Mon Jun 29 08:20:46 UTC 2026","passed","Mon Jun 29 08:20:46 UTC 2026","","org.eclipse.tractusx.edc.tests.policy.PolicyDefinitionEndToEndTest","org.eclipse.tractusx.edc.tests.policy.PolicyDefinitionEndToEndTest","shouldAcceptValidPolicyDefinitions"
"","4969","transferData_privateBackend()","","Mon Jun 29 08:22:01 UTC 2026","passed","Mon Jun 29 08:22:06 UTC 2026","","org.eclipse.tractusx.edc.tests.transfer.DivConsumerPullTest","org.eclipse.tractusx.edc.tests.transfer.DivConsumerPullTest","transferData_privateBackend"
"","1820","trigger_shouldReturnSuccess_whenAllValidationsSucceed()","","Mon Jun 29 08:20:44 UTC 2026","passed","Mon Jun 29 08:20:46 UTC 2026","","org.eclipse.tractusx.edc.tests.transfer.DataFlowApiEndToEndTest","org.eclipse.tractusx.edc.tests.transfer.DataFlowApiEndToEndTest","trigger_shouldReturnSuccess_whenAllValidationsSucceed"
"","60","triggerDataTransfer_shouldFail_whenDataFlowIsFinite()","","Mon Jun 29 08:20:47 UTC 2026","passed","Mon Jun 29 08:20:47 UTC 2026","","org.eclipse.tractusx.edc.tests.transfer.DataFlowApiEndToEndTest","org.eclipse.tractusx.edc.tests.transfer.DataFlowApiEndToEndTest","triggerDataTransfer_shouldFail_whenDataFlowIsFinite"
"","2446","Refresh token is null or empty (missing) [2] """"","","Mon Jun 29 08:20:27 UTC 2026","passed","Mon Jun 29 08:20:30 UTC 2026","","org.eclipse.tractusx.edc.dataplane.tokenrefresh.e2e.DataPlaneTokenRefreshEndToEndTest","org.eclipse.tractusx.edc.dataplane.tokenrefresh.e2e.DataPlaneTokenRefreshEndToEndTest","refresh_invalidRefreshToken"
"","76","Policy is accepted ""Confidential Information Sharing""","","Mon Jun 29 08:20:47 UTC 2026","passed","Mon Jun 29 08:20:47 UTC 2026","","org.eclipse.tractusx.edc.tests.policy.PolicyDefinitionEndToEndTest","org.eclipse.tractusx.edc.tests.policy.PolicyDefinitionEndToEndTest","shouldAcceptValidPolicyDefinitions"
"","4070","transferData_success_withProxyOriginalResponse()","","Mon Jun 29 08:23:35 UTC 2026","passed","Mon Jun 29 08:23:39 UTC 2026","","org.eclipse.tractusx.edc.tests.transfer.TransferPullEndToEndTest.Dsp2025to2025","org.eclipse.tractusx.edc.tests.transfer.TransferPullEndToEndTest$Dsp2025to2025","transferData_success_withProxyOriginalResponse"
"","359","Expect the Catalog request to fail if a credential is expired","","Mon Jun 29 08:22:44 UTC 2026","passed","Mon Jun 29 08:22:44 UTC 2026","","org.eclipse.tractusx.edc.tests.transfer.StsConsumerPullTest","org.eclipse.tractusx.edc.tests.transfer.StsConsumerPullTest","catalogRequest_whenCredentialExpired"
"","2447","The Authorization header is empty","","Mon Jun 29 08:20:22 UTC 2026","passed","Mon Jun 29 08:20:25 UTC 2026","","org.eclipse.tractusx.edc.dataplane.tokenrefresh.e2e.DataPlaneTokenRefreshEndToEndTest","org.eclipse.tractusx.edc.dataplane.tokenrefresh.e2e.DataPlaneTokenRefreshEndToEndTest","refresh_emptyAuthHeader"
"","3","verifyAgentId_whenNoMembershipCredential_forDsp08(DataspaceProfileContextRegistry)","","Mon Jun 29 08:22:23 UTC 2026","passed","Mon Jun 29 08:22:23 UTC 2026","","org.eclipse.tractusx.edc.tests.transfer.IdentityExtractionTest","org.eclipse.tractusx.edc.tests.transfer.IdentityExtractionTest","verifyAgentId_whenNoMembershipCredential_forDsp08"
"","50","Expect the Catalog request to fail if a credential has an invalid credential subject id","","Mon Jun 29 08:22:44 UTC 2026","passed","Mon Jun 29 08:22:44 UTC 2026","","org.eclipse.tractusx.edc.tests.transfer.StsConsumerPullTest","org.eclipse.tractusx.edc.tests.transfer.StsConsumerPullTest","catalogRequest_whenCredentialSubjectIdIsInvalid"
"","60","Policy is accepted ""Warranty Duration Months""","","Mon Jun 29 08:20:47 UTC 2026","passed","Mon Jun 29 08:20:47 UTC 2026","","org.eclipse.tractusx.edc.tests.policy.PolicyDefinitionEndToEndTest","org.eclipse.tractusx.edc.tests.policy.PolicyDefinitionEndToEndTest","shouldAcceptValidPolicyDefinitions"
"","75","Policy is accepted ""Affiliates Region (IS_ANY_OF, one element)""","","Mon Jun 29 08:20:45 UTC 2026","passed","Mon Jun 29 08:20:46 UTC 2026","","org.eclipse.tractusx.edc.tests.policy.PolicyDefinitionEndToEndTest","org.eclipse.tractusx.edc.tests.policy.PolicyDefinitionEndToEndTest","shouldAcceptValidPolicyDefinitions"
"","15626","discoveryShouldReturn502_whenProviderEndpointNotReachable()","","Mon Jun 29 08:21:05 UTC 2026","passed","Mon Jun 29 08:21:20 UTC 2026","","org.eclipse.tractusx.edc.discovery.e2e.ConnectorParameterDiscoveryTest","org.eclipse.tractusx.edc.discovery.e2e.ConnectorParameterDiscoveryTest","discoveryShouldReturn502_whenProviderEndpointNotReachable"
"","64","Policy is accepted ""Data Usage End Date""","","Mon Jun 29 08:20:46 UTC 2026","passed","Mon Jun 29 08:20:46 UTC 2026","","org.eclipse.tractusx.edc.tests.policy.PolicyDefinitionEndToEndTest","org.eclipse.tractusx.edc.tests.policy.PolicyDefinitionEndToEndTest","shouldAcceptValidPolicyDefinitions"
"","29","discoveryShouldReturn2025DspParams_DidAsIdentifier()","","Mon Jun 29 08:21:04 UTC 2026","passed","Mon Jun 29 08:21:04 UTC 2026","","org.eclipse.tractusx.edc.discovery.e2e.ConnectorParameterDiscoveryTest","org.eclipse.tractusx.edc.discovery.e2e.ConnectorParameterDiscoveryTest","discoveryShouldReturn2025DspParams_DidAsIdentifier"
"","48759","Catalog with 1000 offers","","Mon Jun 29 08:20:45 UTC 2026","passed","Mon Jun 29 08:21:34 UTC 2026","","org.eclipse.tractusx.edc.tests.catalog.CatalogTest","org.eclipse.tractusx.edc.tests.catalog.CatalogTest","requestCatalog_of1000Assets_shouldContainAll"
"","73","Policy is accepted ""Affiliates BPNL""","","Mon Jun 29 08:20:46 UTC 2026","passed","Mon Jun 29 08:20:46 UTC 2026","","org.eclipse.tractusx.edc.tests.policy.PolicyDefinitionEndToEndTest","org.eclipse.tractusx.edc.tests.policy.PolicyDefinitionEndToEndTest","shouldAcceptValidPolicyDefinitions"
"","6885","transferData_withSuspendResume()","","Mon Jun 29 08:22:24 UTC 2026","passed","Mon Jun 29 08:22:31 UTC 2026","","org.eclipse.tractusx.edc.tests.transfer.TransferPullEndToEndTest.Dsp08to08","org.eclipse.tractusx.edc.tests.transfer.TransferPullEndToEndTest$Dsp08to08","transferData_withSuspendResume"
"","12986","shouldTransferOneGbFile()","","Mon Jun 29 08:21:54 UTC 2026","passed","Mon Jun 29 08:22:07 UTC 2026","","org.eclipse.tractusx.edc.dataplane.transfer.test.S3ToS3Test","org.eclipse.tractusx.edc.dataplane.transfer.test.S3ToS3Test","shouldTransferOneGbFile"
"","65","refreshEdr_whenNotAuthorized()","","Mon Jun 29 08:20:45 UTC 2026","passed","Mon Jun 29 08:20:45 UTC 2026","","org.eclipse.tractusx.edc.tests.edrv2.EdrCacheApiEndToEndTest","org.eclipse.tractusx.edc.tests.edrv2.EdrCacheApiEndToEndTest","refreshEdr_whenNotAuthorized"
"","222","discoveryShouldReturn2025DspParams_BpnAsIdentifier()","","Mon Jun 29 08:21:04 UTC 2026","passed","Mon Jun 29 08:21:04 UTC 2026","","org.eclipse.tractusx.edc.discovery.e2e.ConnectorParameterDiscoveryTest","org.eclipse.tractusx.edc.discovery.e2e.ConnectorParameterDiscoveryTest","discoveryShouldReturn2025DspParams_BpnAsIdentifier"
"","54","4.3.3 Verify invalid access token - sub does not match DID document id","","Mon Jun 29 08:20:35 UTC 2026","passed","Mon Jun 29 08:20:35 UTC 2026","","org.eclipse.dataspacetck.dcp.verification.presentation.verifier.PresentationFlowSection4Test","org.eclipse.dataspacetck.dcp.verification.presentation.verifier.PresentationFlowSection4Test","verifier_04_03_03_idTokenIncorrectSub"
"","42","Policy is not accepted due to missing context ""Exclusive Usage""","","Mon Jun 29 08:20:49 UTC 2026","passed","Mon Jun 29 08:20:49 UTC 2026","","org.eclipse.tractusx.edc.tests.policy.PolicyDefinitionEndToEndTest","org.eclipse.tractusx.edc.tests.policy.PolicyDefinitionEndToEndTest","shouldNotAcceptInvalidNamespacePolicyDefinitions"
"","3066","transferData_successful_notReturnOriginalSourceResponseCode_withTerminate()","","Mon Jun 29 08:22:31 UTC 2026","passed","Mon Jun 29 08:22:34 UTC 2026","","org.eclipse.tractusx.edc.tests.transfer.TransferPullEndToEndTest.Dsp08to08","org.eclipse.tractusx.edc.tests.transfer.TransferPullEndToEndTest$Dsp08to08","transferData_successful_notReturnOriginalSourceResponseCode_withTerminate"
"","58","Policy is not accepted due to missing context ""Affiliates Region""","","Mon Jun 29 08:20:48 UTC 2026","passed","Mon Jun 29 08:20:48 UTC 2026","","org.eclipse.tractusx.edc.tests.policy.PolicyDefinitionEndToEndTest","org.eclipse.tractusx.edc.tests.policy.PolicyDefinitionEndToEndTest","shouldNotAcceptInvalidNamespacePolicyDefinitions"
"","261","Verify that the consumer receives only the offers he is permitted to (using the new BPN validation)","","Mon Jun 29 08:21:34 UTC 2026","passed","Mon Jun 29 08:21:34 UTC 2026","","org.eclipse.tractusx.edc.tests.catalog.CatalogTest","org.eclipse.tractusx.edc.tests.catalog.CatalogTest","requestCatalog_filteredByBpn_shouldReject"
"","49","Policy is not accepted because definition is not correct ""Access policy permission with not allowed constraints""","","Mon Jun 29 08:20:48 UTC 2026","passed","Mon Jun 29 08:20:48 UTC 2026","","org.eclipse.tractusx.edc.tests.policy.PolicyDefinitionEndToEndTest","org.eclipse.tractusx.edc.tests.policy.PolicyDefinitionEndToEndTest","shouldNotAcceptInvalidPolicyDefinitions"
"","4026","transferData_unsuccessful_notReturnOriginalSourceResponseCode_withTerminate()","","Mon Jun 29 08:23:07 UTC 2026","passed","Mon Jun 29 08:23:11 UTC 2026","","org.eclipse.tractusx.edc.tests.transfer.TransferPullEndToEndTest.Dsp2025to2025","org.eclipse.tractusx.edc.tests.transfer.TransferPullEndToEndTest$Dsp2025to2025","transferData_unsuccessful_notReturnOriginalSourceResponseCode_withTerminate"
"","2069","transferFolder_targetFolderNotExists_shouldCreate(Vault)","","Mon Jun 29 08:21:17 UTC 2026","passed","Mon Jun 29 08:21:19 UTC 2026","","org.eclipse.tractusx.edc.dataplane.transfer.test.AzureToAzureTest","org.eclipse.tractusx.edc.dataplane.transfer.test.AzureToAzureTest","transferFolder_targetFolderNotExists_shouldCreate"
"","2","verifyCorrectParticipantAgentId_forDsp08(DataspaceProfileContextRegistry)","","Mon Jun 29 08:22:23 UTC 2026","passed","Mon Jun 29 08:22:23 UTC 2026","","org.eclipse.tractusx.edc.tests.transfer.IdentityExtractionTest","org.eclipse.tractusx.edc.tests.transfer.IdentityExtractionTest","verifyCorrectParticipantAgentId_forDsp08"
"","6928","transferData_withSuspendResume()","","Mon Jun 29 08:23:39 UTC 2026","passed","Mon Jun 29 08:23:46 UTC 2026","","org.eclipse.tractusx.edc.tests.transfer.TransferPullEndToEndTest.Dsp2025to2025","org.eclipse.tractusx.edc.tests.transfer.TransferPullEndToEndTest$Dsp2025to2025","transferData_withSuspendResume"
"","770","triggerDataTransfer_shouldFail_whenDataFlowIsNotPushFlowType()","","Mon Jun 29 08:20:46 UTC 2026","passed","Mon Jun 29 08:20:47 UTC 2026","","org.eclipse.tractusx.edc.tests.transfer.DataFlowApiEndToEndTest","org.eclipse.tractusx.edc.tests.transfer.DataFlowApiEndToEndTest","triggerDataTransfer_shouldFail_whenDataFlowIsNotPushFlowType"
"","85","refreshEdr_whenNotFound()","","Mon Jun 29 08:20:40 UTC 2026","passed","Mon Jun 29 08:20:40 UTC 2026","","org.eclipse.tractusx.edc.tests.edrv2.EdrCacheApiEndToEndTest","org.eclipse.tractusx.edc.tests.edrv2.EdrCacheApiEndToEndTest","refreshEdr_whenNotFound"
"","2379","The authentication token misses required claims: audience","","Mon Jun 29 08:20:37 UTC 2026","passed","Mon Jun 29 08:20:39 UTC 2026","","org.eclipse.tractusx.edc.dataplane.tokenrefresh.e2e.DataPlaneTokenRefreshEndToEndTest","org.eclipse.tractusx.edc.dataplane.tokenrefresh.e2e.DataPlaneTokenRefreshEndToEndTest","refresh_invalidAuthenticationToken_missingAudience"
"","15353","transferData_withTerminate()","","Mon Jun 29 08:23:15 UTC 2026","passed","Mon Jun 29 08:23:30 UTC 2026","","org.eclipse.tractusx.edc.tests.transfer.TransferPullEndToEndTest.Dsp2025to2025","org.eclipse.tractusx.edc.tests.transfer.TransferPullEndToEndTest$Dsp2025to2025","transferData_withTerminate"
"","3042","Policy is accepted ""MembershipCredential""","","Mon Jun 29 08:20:42 UTC 2026","passed","Mon Jun 29 08:20:45 UTC 2026","","org.eclipse.tractusx.edc.tests.policy.PolicyDefinitionEndToEndTest","org.eclipse.tractusx.edc.tests.policy.PolicyDefinitionEndToEndTest","shouldAcceptValidPolicyDefinitions"
"","76","5.4.2.2 Verifier should accept a presentation response message that contains more credentials than requested","","Mon Jun 29 08:20:36 UTC 2026","passed","Mon Jun 29 08:20:36 UTC 2026","","org.eclipse.dataspacetck.dcp.verification.presentation.verifier.PresentationFlowSection5Test","org.eclipse.dataspacetck.dcp.verification.presentation.verifier.PresentationFlowSection5Test","verifier_05_04_02_02_presentationResponse_tooManyCredentials"
"","8186","transferFile_success()","","Mon Jun 29 08:21:59 UTC 2026","passed","Mon Jun 29 08:22:07 UTC 2026","","org.eclipse.tractusx.edc.tests.transfer.S3ToS3EndToEndTest","org.eclipse.tractusx.edc.tests.transfer.S3ToS3EndToEndTest","transferFile_success"
"","2304","BusinessPartnerCreated event is published","","Mon Jun 29 08:20:31 UTC 2026","passed","Mon Jun 29 08:20:33 UTC 2026","","org.eclipse.tractusx.edc.tests.bpn.events.BusinessPartnerEventTest","org.eclipse.tractusx.edc.tests.bpn.events.BusinessPartnerEventTest","shouldPublishBusinessPartnerCreatedEvent"
"","4401","transferData_success_withProxyOriginalResponse_withoutSourceResponseBody()","","Mon Jun 29 08:21:46 UTC 2026","passed","Mon Jun 29 08:21:51 UTC 2026","","org.eclipse.tractusx.edc.tests.transfer.TransferPullEndToEndTest.Dsp08to08","org.eclipse.tractusx.edc.tests.transfer.TransferPullEndToEndTest$Dsp08to08","transferData_success_withProxyOriginalResponse_withoutSourceResponseBody"
"","4542","transferData_privateBackend()","","Mon Jun 29 08:22:54 UTC 2026","passed","Mon Jun 29 08:22:59 UTC 2026","","org.eclipse.tractusx.edc.tests.transfer.TransferPullEndToEndTest.Dsp2025to2025","org.eclipse.tractusx.edc.tests.transfer.TransferPullEndToEndTest$Dsp2025to2025","transferData_privateBackend"
"","6025","transferData_privateBackend()","","Mon Jun 29 08:22:57 UTC 2026","passed","Mon Jun 29 08:23:03 UTC 2026","","org.eclipse.tractusx.edc.tests.transfer.StsConsumerPullTest","org.eclipse.tractusx.edc.tests.transfer.StsConsumerPullTest","transferData_privateBackend"
"","74","4.3.3 Verify invalid access token - iss and sub different","","Mon Jun 29 08:20:35 UTC 2026","passed","Mon Jun 29 08:20:35 UTC 2026","","org.eclipse.dataspacetck.dcp.verification.presentation.verifier.PresentationFlowSection4Test","org.eclipse.dataspacetck.dcp.verification.presentation.verifier.PresentationFlowSection4Test","verifier_04_03_03_idTokenInvalidSub"
"","5697","Verify that the callbacks are invoked when negotiating an EDR","","Mon Jun 29 08:21:04 UTC 2026","passed","Mon Jun 29 08:21:10 UTC 2026","","org.eclipse.tractusx.edc.tests.edrv2.NegotiateEdrTest","org.eclipse.tractusx.edc.tests.edrv2.NegotiateEdrTest","negotiateEdr_shouldInvokeCallbacks"
"","5408","When multiple requests to refresh, to different edrs, verify all return non expired token","","Mon Jun 29 08:20:40 UTC 2026","passed","Mon Jun 29 08:20:45 UTC 2026","","org.eclipse.tractusx.edc.tests.edrv2.EdrCacheApiEndToEndTest","org.eclipse.tractusx.edc.tests.edrv2.EdrCacheApiEndToEndTest","getEdrWithRefresh_subsequentRequestReturn"
"","49","Policy is not accepted because definition is not correct ""Usage policy prohibition with not allowed constraints""","","Mon Jun 29 08:20:48 UTC 2026","passed","Mon Jun 29 08:20:48 UTC 2026","","org.eclipse.tractusx.edc.tests.policy.PolicyDefinitionEndToEndTest","org.eclipse.tractusx.edc.tests.policy.PolicyDefinitionEndToEndTest","shouldNotAcceptInvalidPolicyDefinitions"
"","13141","azureBlobPush_withoutDestFolder()","","Mon Jun 29 08:20:52 UTC 2026","passed","Mon Jun 29 08:21:06 UTC 2026","","org.eclipse.tractusx.edc.tests.transfer.AzureToAzureEndToEndTest","org.eclipse.tractusx.edc.tests.transfer.AzureToAzureEndToEndTest","azureBlobPush_withoutDestFolder"
"","58","Policy is not accepted because definition is not correct ""Policy with mutually exclusive constraints""","","Mon Jun 29 08:20:48 UTC 2026","passed","Mon Jun 29 08:20:48 UTC 2026","","org.eclipse.tractusx.edc.tests.policy.PolicyDefinitionEndToEndTest","org.eclipse.tractusx.edc.tests.policy.PolicyDefinitionEndToEndTest","shouldNotAcceptInvalidPolicyDefinitions"
"","47","Policy is not accepted due to missing context ""Data Usage End Date Definition""","","Mon Jun 29 08:20:48 UTC 2026","passed","Mon Jun 29 08:20:49 UTC 2026","","org.eclipse.tractusx.edc.tests.policy.PolicyDefinitionEndToEndTest","org.eclipse.tractusx.edc.tests.policy.PolicyDefinitionEndToEndTest","shouldNotAcceptInvalidNamespacePolicyDefinitions"
"","45","5.4.2.3 Verifier should reject an empty 'presentation' array","","Mon Jun 29 08:20:36 UTC 2026","passed","Mon Jun 29 08:20:36 UTC 2026","","org.eclipse.dataspacetck.dcp.verification.presentation.verifier.PresentationFlowSection5Test","org.eclipse.dataspacetck.dcp.verification.presentation.verifier.PresentationFlowSection5Test","verifier_05_04_02_03_presentationResponse_emptyPresentations"
"","64","Policy is accepted ""Warranty Definition""","","Mon Jun 29 08:20:47 UTC 2026","passed","Mon Jun 29 08:20:47 UTC 2026","","org.eclipse.tractusx.edc.tests.policy.PolicyDefinitionEndToEndTest","org.eclipse.tractusx.edc.tests.policy.PolicyDefinitionEndToEndTest","shouldAcceptValidPolicyDefinitions"
"","94","Policy is accepted ""Jurisdiction Location Reference""","","Mon Jun 29 08:20:46 UTC 2026","passed","Mon Jun 29 08:20:46 UTC 2026","","org.eclipse.tractusx.edc.tests.policy.PolicyDefinitionEndToEndTest","org.eclipse.tractusx.edc.tests.policy.PolicyDefinitionEndToEndTest","shouldAcceptValidPolicyDefinitions"
"","4085","transferData_failing_withProxyOriginalResponse()","","Mon Jun 29 08:21:55 UTC 2026","passed","Mon Jun 29 08:21:59 UTC 2026","","org.eclipse.tractusx.edc.tests.transfer.TransferPullEndToEndTest.Dsp08to08","org.eclipse.tractusx.edc.tests.transfer.TransferPullEndToEndTest$Dsp08to08","transferData_failing_withProxyOriginalResponse"
"","60","5.4.3.6 Verifier should reject a credential that is not yet valid","","Mon Jun 29 08:20:36 UTC 2026","passed","Mon Jun 29 08:20:36 UTC 2026","","org.eclipse.dataspacetck.dcp.verification.presentation.verifier.PresentationFlowSection5Test","org.eclipse.dataspacetck.dcp.verification.presentation.verifier.PresentationFlowSection5Test","verifier_05_04_03_06_presentationResponse_notYetValidCredential"
"","44","Policy is not accepted due to missing context ""Data Usage End Date""","","Mon Jun 29 08:20:48 UTC 2026","passed","Mon Jun 29 08:20:48 UTC 2026","","org.eclipse.tractusx.edc.tests.policy.PolicyDefinitionEndToEndTest","org.eclipse.tractusx.edc.tests.policy.PolicyDefinitionEndToEndTest","shouldNotAcceptInvalidNamespacePolicyDefinitions"
"","66","Policy is not accepted because definition is not correct ""Policy with different actions types""","","Mon Jun 29 08:20:48 UTC 2026","passed","Mon Jun 29 08:20:48 UTC 2026","","org.eclipse.tractusx.edc.tests.policy.PolicyDefinitionEndToEndTest","org.eclipse.tractusx.edc.tests.policy.PolicyDefinitionEndToEndTest","shouldNotAcceptInvalidPolicyDefinitions"
"","2393","The sign key of the authentication token is different from the public key from the DID","","Mon Jun 29 08:20:34 UTC 2026","passed","Mon Jun 29 08:20:37 UTC 2026","","org.eclipse.tractusx.edc.dataplane.tokenrefresh.e2e.DataPlaneTokenRefreshEndToEndTest","org.eclipse.tractusx.edc.dataplane.tokenrefresh.e2e.DataPlaneTokenRefreshEndToEndTest","refresh_spoofedAuthToken"
"","67","Policy is accepted ""Contract reference""","","Mon Jun 29 08:20:47 UTC 2026","passed","Mon Jun 29 08:20:47 UTC 2026","","org.eclipse.tractusx.edc.tests.policy.PolicyDefinitionEndToEndTest","org.eclipse.tractusx.edc.tests.policy.PolicyDefinitionEndToEndTest","shouldAcceptValidPolicyDefinitions"
"","2084","transferFile_s3ToAzureMultipleFiles_whenConsumerDefinesBloblName_success(Vault)","","Mon Jun 29 08:21:34 UTC 2026","passed","Mon Jun 29 08:21:37 UTC 2026","","org.eclipse.tractusx.edc.dataplane.transfer.test.MultiCloudTest","org.eclipse.tractusx.edc.dataplane.transfer.test.MultiCloudTest","transferFile_s3ToAzureMultipleFiles_whenConsumerDefinesBloblName_success"
"","70","Verify HTTP 200 response and body when refreshing succeeds","","Mon Jun 29 08:20:45 UTC 2026","passed","Mon Jun 29 08:20:45 UTC 2026","","org.eclipse.tractusx.edc.tests.edrv2.EdrCacheApiEndToEndTest","org.eclipse.tractusx.edc.tests.edrv2.EdrCacheApiEndToEndTest","getEdrWithRefresh_success"
"","45","discoveryShouldReturnDspParams_DidAsIdentifier()","","Mon Jun 29 08:20:33 UTC 2026","passed","Mon Jun 29 08:20:33 UTC 2026","","org.eclipse.tractusx.edc.discovery.e2e.ConnectorDiscoveryTest","org.eclipse.tractusx.edc.discovery.e2e.ConnectorDiscoveryTest","discoveryShouldReturnDspParams_DidAsIdentifier"
"","54","triggerDataTransfer_shouldFail_whenDataFlowDoesNotExist()","","Mon Jun 29 08:20:47 UTC 2026","passed","Mon Jun 29 08:20:47 UTC 2026","","org.eclipse.tractusx.edc.tests.transfer.DataFlowApiEndToEndTest","org.eclipse.tractusx.edc.tests.transfer.DataFlowApiEndToEndTest","triggerDataTransfer_shouldFail_whenDataFlowDoesNotExist"
"","25","discoveryShouldReturn08DspParams_whenDsp2025NotAvailable_DidAsIdentifier()","","Mon Jun 29 08:21:05 UTC 2026","passed","Mon Jun 29 08:21:05 UTC 2026","","org.eclipse.tractusx.edc.discovery.e2e.ConnectorParameterDiscoveryTest","org.eclipse.tractusx.edc.discovery.e2e.ConnectorParameterDiscoveryTest","discoveryShouldReturn08DspParams_whenDsp2025NotAvailable_DidAsIdentifier"
"","253","retireAgreement_shouldFail_whenAgreementDoesNotExist()","","Mon Jun 29 08:21:07 UTC 2026","passed","Mon Jun 29 08:21:08 UTC 2026","","org.eclipse.tractusx.edc.tests.transfer.RetireAgreementTest","org.eclipse.tractusx.edc.tests.transfer.RetireAgreementTest","retireAgreement_shouldFail_whenAgreementDoesNotExist"
"","1337","4.3.3 Verify invalid access token - nbf in future","","Mon Jun 29 08:20:33 UTC 2026","passed","Mon Jun 29 08:20:35 UTC 2026","","org.eclipse.dataspacetck.dcp.verification.presentation.verifier.PresentationFlowSection4Test","org.eclipse.dataspacetck.dcp.verification.presentation.verifier.PresentationFlowSection4Test","verifier_04_03_03_idTokenNbfInFuture"
"","80","Policy is accepted ""Data Usage End Date Definition""","","Mon Jun 29 08:20:46 UTC 2026","passed","Mon Jun 29 08:20:46 UTC 2026","","org.eclipse.tractusx.edc.tests.policy.PolicyDefinitionEndToEndTest","org.eclipse.tractusx.edc.tests.policy.PolicyDefinitionEndToEndTest","shouldAcceptValidPolicyDefinitions"
"","10909","httpPushNonFiniteDataTransfer()","","Mon Jun 29 08:25:03 UTC 2026","passed","Mon Jun 29 08:25:14 UTC 2026","","org.eclipse.tractusx.edc.tests.transfer.TransferPushEndToEndTest.Dsp2025to2025","org.eclipse.tractusx.edc.tests.transfer.TransferPushEndToEndTest$Dsp2025to2025","httpPushNonFiniteDataTransfer"
"","77","Policy is accepted ""Data Frequency""","","Mon Jun 29 08:20:46 UTC 2026","passed","Mon Jun 29 08:20:46 UTC 2026","","org.eclipse.tractusx.edc.tests.policy.PolicyDefinitionEndToEndTest","org.eclipse.tractusx.edc.tests.policy.PolicyDefinitionEndToEndTest","shouldAcceptValidPolicyDefinitions"
"","68","4.3.3 Verify invalid access token - auth token bound to a different iss/sub","","Mon Jun 29 08:20:35 UTC 2026","passed","Mon Jun 29 08:20:35 UTC 2026","","org.eclipse.dataspacetck.dcp.verification.presentation.verifier.PresentationFlowSection4Test","org.eclipse.dataspacetck.dcp.verification.presentation.verifier.PresentationFlowSection4Test","verifier_04_03_03_idTokenInvalidIssuerSub"
"","2049","transferFile_azureToS3(Vault)","","Mon Jun 29 08:21:39 UTC 2026","passed","Mon Jun 29 08:21:41 UTC 2026","","org.eclipse.tractusx.edc.dataplane.transfer.test.MultiCloudTest","org.eclipse.tractusx.edc.dataplane.transfer.test.MultiCloudTest","transferFile_azureToS3"
"","60","4.3.1 Verifier should reject an ID token that does not contain an access token","","Mon Jun 29 08:20:35 UTC 2026","passed","Mon Jun 29 08:20:35 UTC 2026","","org.eclipse.dataspacetck.dcp.verification.presentation.verifier.PresentationFlowSection4Test","org.eclipse.dataspacetck.dcp.verification.presentation.verifier.PresentationFlowSection4Test","verifier_04_03_01_presentationResponse_idTokenNoTokenClaim"
"","43","Policy is not accepted because definition is not correct ""Usage policy obligation with not allowed constraints""","","Mon Jun 29 08:20:48 UTC 2026","passed","Mon Jun 29 08:20:48 UTC 2026","","org.eclipse.tractusx.edc.tests.policy.PolicyDefinitionEndToEndTest","org.eclipse.tractusx.edc.tests.policy.PolicyDefinitionEndToEndTest","shouldNotAcceptInvalidPolicyDefinitions"
"","699","Verify that the consumer receives only the offers he is permitted to (using the legacy BPN validation)","","Mon Jun 29 08:20:44 UTC 2026","passed","Mon Jun 29 08:20:45 UTC 2026","","org.eclipse.tractusx.edc.tests.catalog.CatalogTest","org.eclipse.tractusx.edc.tests.catalog.CatalogTest","requestCatalog_filteredByBpnLegacy_WithNamespace_shouldReject"
"","3310","Run TCK Presentation Flow tests","","Mon Jun 29 08:20:33 UTC 2026","passed","Mon Jun 29 08:20:36 UTC 2026","","org.eclipse.tractusx.edc.tests.tck.dcp.DcpPresentationFlowTest","org.eclipse.tractusx.edc.tests.tck.dcp.DcpPresentationFlowTest","runPresentationFlowTests"
"","76","Policy is accepted ""Business Partner Number""","","Mon Jun 29 08:20:47 UTC 2026","passed","Mon Jun 29 08:20:47 UTC 2026","","org.eclipse.tractusx.edc.tests.policy.PolicyDefinitionEndToEndTest","org.eclipse.tractusx.edc.tests.policy.PolicyDefinitionEndToEndTest","shouldAcceptValidPolicyDefinitions"
"","43","Policy is not accepted because definition is not correct ""Policy with unknown actions types""","","Mon Jun 29 08:20:48 UTC 2026","passed","Mon Jun 29 08:20:48 UTC 2026","","org.eclipse.tractusx.edc.tests.policy.PolicyDefinitionEndToEndTest","org.eclipse.tractusx.edc.tests.policy.PolicyDefinitionEndToEndTest","shouldNotAcceptInvalidPolicyDefinitions"
"","42","Policy is not accepted due to missing context ""Liability""","","Mon Jun 29 08:20:49 UTC 2026","passed","Mon Jun 29 08:20:49 UTC 2026","","org.eclipse.tractusx.edc.tests.policy.PolicyDefinitionEndToEndTest","org.eclipse.tractusx.edc.tests.policy.PolicyDefinitionEndToEndTest","shouldNotAcceptInvalidNamespacePolicyDefinitions"
"","56","Policy is accepted ""Exclusive Usage""","","Mon Jun 29 08:20:47 UTC 2026","passed","Mon Jun 29 08:20:47 UTC 2026","","org.eclipse.tractusx.edc.tests.policy.PolicyDefinitionEndToEndTest","org.eclipse.tractusx.edc.tests.policy.PolicyDefinitionEndToEndTest","shouldAcceptValidPolicyDefinitions"
"","153","Policy is not accepted because definition is not correct ""Usage policy with empty permission""","","Mon Jun 29 08:20:47 UTC 2026","passed","Mon Jun 29 08:20:48 UTC 2026","","org.eclipse.tractusx.edc.tests.policy.PolicyDefinitionEndToEndTest","org.eclipse.tractusx.edc.tests.policy.PolicyDefinitionEndToEndTest","shouldNotAcceptInvalidPolicyDefinitions"
"","116","BusinessPartnerDeleted event is published","","Mon Jun 29 08:20:33 UTC 2026","passed","Mon Jun 29 08:20:33 UTC 2026","","org.eclipse.tractusx.edc.tests.bpn.events.BusinessPartnerEventTest","org.eclipse.tractusx.edc.tests.bpn.events.BusinessPartnerEventTest","shouldPublishBusinessPartnerDeletedEvent"
"","51","5.4.2.4 Verifier should reject an a presentation where a requested credential is missing","","Mon Jun 29 08:20:36 UTC 2026","passed","Mon Jun 29 08:20:36 UTC 2026","","org.eclipse.dataspacetck.dcp.verification.presentation.verifier.PresentationFlowSection5Test","org.eclipse.dataspacetck.dcp.verification.presentation.verifier.PresentationFlowSection5Test","verifier_05_04_02_04_presentationResponse_emptyCredentials"
"","4074","transferData_success_withProxyOriginalResponse_withoutSourceResponseBody()","","Mon Jun 29 08:23:03 UTC 2026","passed","Mon Jun 29 08:23:07 UTC 2026","","org.eclipse.tractusx.edc.tests.transfer.TransferPullEndToEndTest.Dsp2025to2025","org.eclipse.tractusx.edc.tests.transfer.TransferPullEndToEndTest$Dsp2025to2025","transferData_success_withProxyOriginalResponse_withoutSourceResponseBody"
"","2060","transferMultipleFiles()","","Mon Jun 29 08:22:07 UTC 2026","passed","Mon Jun 29 08:22:09 UTC 2026","","org.eclipse.tractusx.edc.dataplane.transfer.test.S3ToS3Test","org.eclipse.tractusx.edc.dataplane.transfer.test.S3ToS3Test","transferMultipleFiles"
"","69","Policy is not accepted because definition is not correct ""Usage policy permission with not allowed constraints""","","Mon Jun 29 08:20:48 UTC 2026","passed","Mon Jun 29 08:20:48 UTC 2026","","org.eclipse.tractusx.edc.tests.policy.PolicyDefinitionEndToEndTest","org.eclipse.tractusx.edc.tests.policy.PolicyDefinitionEndToEndTest","shouldNotAcceptInvalidPolicyDefinitions"
"","24604","transferFile_largeFile(long, Vault) File size bytes: 1073741824","","Mon Jun 29 08:20:48 UTC 2026","passed","Mon Jun 29 08:21:13 UTC 2026","","org.eclipse.tractusx.edc.dataplane.transfer.test.AzureToAzureTest","org.eclipse.tractusx.edc.dataplane.transfer.test.AzureToAzureTest","transferFile_largeFile"
"","2061","transferFile_s3ToAzure(Vault)","","Mon Jun 29 08:21:37 UTC 2026","passed","Mon Jun 29 08:21:39 UTC 2026","","org.eclipse.tractusx.edc.dataplane.transfer.test.MultiCloudTest","org.eclipse.tractusx.edc.dataplane.transfer.test.MultiCloudTest","transferFile_s3ToAzure"
"","269","Verify that the consumer receives only the offers he is permitted to (using the legacy BPN validation)","","Mon Jun 29 08:21:56 UTC 2026","passed","Mon Jun 29 08:21:56 UTC 2026","","org.eclipse.tractusx.edc.tests.catalog.CatalogTestDspV08","org.eclipse.tractusx.edc.tests.catalog.CatalogTestDspV08","requestCatalog_filteredByBpnLegacy_shouldReject"
"","9141","Verify all existing TPs related to an agreement are terminated upon its retirement","","Mon Jun 29 08:21:08 UTC 2026","passed","Mon Jun 29 08:21:17 UTC 2026","","org.eclipse.tractusx.edc.tests.transfer.RetireAgreementTest","org.eclipse.tractusx.edc.tests.transfer.RetireAgreementTest","retireAgreement_shouldCloseTransferProcesses"
"","1062","Expect the Catalog request to fail if a credential is revoked","","Mon Jun 29 08:21:47 UTC 2026","passed","Mon Jun 29 08:21:48 UTC 2026","","org.eclipse.tractusx.edc.tests.transfer.DivConsumerPullTest","org.eclipse.tractusx.edc.tests.transfer.DivConsumerPullTest","catalogRequest_whenCredentialRevoked"
"","61","Policy is not accepted due to missing context ""Business Partner Group""","","Mon Jun 29 08:20:49 UTC 2026","passed","Mon Jun 29 08:20:49 UTC 2026","","org.eclipse.tractusx.edc.tests.policy.PolicyDefinitionEndToEndTest","org.eclipse.tractusx.edc.tests.policy.PolicyDefinitionEndToEndTest","shouldNotAcceptInvalidNamespacePolicyDefinitions"
"","2058","transferFile_success(Vault)","","Mon Jun 29 08:21:15 UTC 2026","passed","Mon Jun 29 08:21:17 UTC 2026","","org.eclipse.tractusx.edc.dataplane.transfer.test.AzureToAzureTest","org.eclipse.tractusx.edc.dataplane.transfer.test.AzureToAzureTest","transferFile_success"
"","56","Policy is not accepted due to missing context ""DataExchangeGovernance use case""","","Mon Jun 29 08:20:48 UTC 2026","passed","Mon Jun 29 08:20:48 UTC 2026","","org.eclipse.tractusx.edc.tests.policy.PolicyDefinitionEndToEndTest","org.eclipse.tractusx.edc.tests.policy.PolicyDefinitionEndToEndTest","shouldNotAcceptInvalidNamespacePolicyDefinitions"
"","2135","transferFile_success()","","Mon Jun 29 08:21:51 UTC 2026","passed","Mon Jun 29 08:21:53 UTC 2026","","org.eclipse.tractusx.edc.dataplane.transfer.test.S3ToS3Test","org.eclipse.tractusx.edc.dataplane.transfer.test.S3ToS3Test","transferFile_success"
"","41","Provider gets 400 when no asset selector is used","","Mon Jun 29 08:21:08 UTC 2026","passed","Mon Jun 29 08:21:08 UTC 2026","","org.eclipse.tractusx.edc.tests.validators.EmptyAssetSelectorValidatorTest","org.eclipse.tractusx.edc.tests.validators.EmptyAssetSelectorValidatorTest","shouldFail_whenContractDefinitionHasNoAssetSelector"
"","44","Policy is not accepted due to missing context ""Usage Purpose""","","Mon Jun 29 08:20:49 UTC 2026","passed","Mon Jun 29 08:20:49 UTC 2026","","org.eclipse.tractusx.edc.tests.policy.PolicyDefinitionEndToEndTest","org.eclipse.tractusx.edc.tests.policy.PolicyDefinitionEndToEndTest","shouldNotAcceptInvalidNamespacePolicyDefinitions"
"","296","Provider gets 400 when empty asset selector is used","","Mon Jun 29 08:21:08 UTC 2026","passed","Mon Jun 29 08:21:08 UTC 2026","","org.eclipse.tractusx.edc.tests.validators.EmptyAssetSelectorValidatorTest","org.eclipse.tractusx.edc.tests.validators.EmptyAssetSelectorValidatorTest","shouldFail_whenContractDefinitionHasEmptyAssetSelector"
"","4534","transferData_failing_withProxyOriginalResponse_withoutSourceResponseBody()","","Mon Jun 29 08:23:30 UTC 2026","passed","Mon Jun 29 08:23:35 UTC 2026","","org.eclipse.tractusx.edc.tests.transfer.TransferPullEndToEndTest.Dsp2025to2025","org.eclipse.tractusx.edc.tests.transfer.TransferPullEndToEndTest$Dsp2025to2025","transferData_failing_withProxyOriginalResponse_withoutSourceResponseBody"
"","75","Verify HTTP 403 response when refreshing the token is not allowed","","Mon Jun 29 08:20:40 UTC 2026","passed","Mon Jun 29 08:20:40 UTC 2026","","org.eclipse.tractusx.edc.tests.edrv2.EdrCacheApiEndToEndTest","org.eclipse.tractusx.edc.tests.edrv2.EdrCacheApiEndToEndTest","getEdrWithRefresh_unauthorized"
"","1786","discoveryShouldReturn400_ifRequestHasMissingProps()","","Mon Jun 29 08:20:30 UTC 2026","passed","Mon Jun 29 08:20:32 UTC 2026","","org.eclipse.tractusx.edc.discovery.e2e.ConnectorDiscoveryTest","org.eclipse.tractusx.edc.discovery.e2e.ConnectorDiscoveryTest","discoveryShouldReturn400_ifRequestHasMissingProps"
"","5148","transferData_privateBackend_withConsumerDataPlane()","","Mon Jun 29 08:23:03 UTC 2026","passed","Mon Jun 29 08:23:08 UTC 2026","","org.eclipse.tractusx.edc.tests.transfer.StsConsumerPullTest","org.eclipse.tractusx.edc.tests.transfer.StsConsumerPullTest","transferData_privateBackend_withConsumerDataPlane"
"","20","discoveryShouldReturn400_whenDidNotResolvable()","","Mon Jun 29 08:21:05 UTC 2026","passed","Mon Jun 29 08:21:05 UTC 2026","","org.eclipse.tractusx.edc.discovery.e2e.ConnectorParameterDiscoveryTest","org.eclipse.tractusx.edc.discovery.e2e.ConnectorParameterDiscoveryTest","discoveryShouldReturn400_whenDidNotResolvable"
"","70","Policy is accepted ""Liability""","","Mon Jun 29 08:20:46 UTC 2026","passed","Mon Jun 29 08:20:46 UTC 2026","","org.eclipse.tractusx.edc.tests.policy.PolicyDefinitionEndToEndTest","org.eclipse.tractusx.edc.tests.policy.PolicyDefinitionEndToEndTest","shouldAcceptValidPolicyDefinitions"
"","86","Policy is accepted ""DataExchangeGovernance use case""","","Mon Jun 29 08:20:45 UTC 2026","passed","Mon Jun 29 08:20:45 UTC 2026","","org.eclipse.tractusx.edc.tests.policy.PolicyDefinitionEndToEndTest","org.eclipse.tractusx.edc.tests.policy.PolicyDefinitionEndToEndTest","shouldAcceptValidPolicyDefinitions"
"","54","5.4.3.7 Verifier should reject an expired credential","","Mon Jun 29 08:20:36 UTC 2026","passed","Mon Jun 29 08:20:36 UTC 2026","","org.eclipse.dataspacetck.dcp.verification.presentation.verifier.PresentationFlowSection5Test","org.eclipse.dataspacetck.dcp.verification.presentation.verifier.PresentationFlowSection5Test","verifier_05_04_03_07_presentationResponse_expiredCredential"
"","5047","transferData_privateBackend_withConsumerDataPlane()","","Mon Jun 29 08:22:06 UTC 2026","passed","Mon Jun 29 08:22:11 UTC 2026","","org.eclipse.tractusx.edc.tests.transfer.DivConsumerPullTest","org.eclipse.tractusx.edc.tests.transfer.DivConsumerPullTest","transferData_privateBackend_withConsumerDataPlane"
"","79","Policy is accepted ""ContractTermination""","","Mon Jun 29 08:20:47 UTC 2026","passed","Mon Jun 29 08:20:47 UTC 2026","","org.eclipse.tractusx.edc.tests.policy.PolicyDefinitionEndToEndTest","org.eclipse.tractusx.edc.tests.policy.PolicyDefinitionEndToEndTest","shouldAcceptValidPolicyDefinitions"
"","59","Policy is accepted ""Warranty""","","Mon Jun 29 08:20:46 UTC 2026","passed","Mon Jun 29 08:20:47 UTC 2026","","org.eclipse.tractusx.edc.tests.policy.PolicyDefinitionEndToEndTest","org.eclipse.tractusx.edc.tests.policy.PolicyDefinitionEndToEndTest","shouldAcceptValidPolicyDefinitions"
"","22","discoveryShouldReturn400_ifRequestHasMissingProps()","","Mon Jun 29 08:21:05 UTC 2026","passed","Mon Jun 29 08:21:05 UTC 2026","","org.eclipse.tractusx.edc.discovery.e2e.ConnectorParameterDiscoveryTest","org.eclipse.tractusx.edc.discovery.e2e.ConnectorParameterDiscoveryTest","discoveryShouldReturn400_ifRequestHasMissingProps"
"","70","Policy is accepted ""Business Partner Group""","","Mon Jun 29 08:20:47 UTC 2026","passed","Mon Jun 29 08:20:47 UTC 2026","","org.eclipse.tractusx.edc.tests.policy.PolicyDefinitionEndToEndTest","org.eclipse.tractusx.edc.tests.policy.PolicyDefinitionEndToEndTest","shouldAcceptValidPolicyDefinitions"
"","107","discoveryShouldReturn08DspParams_whenDsp2025NotAvailable_BpnAsIdentifier()","","Mon Jun 29 08:21:05 UTC 2026","passed","Mon Jun 29 08:21:05 UTC 2026","","org.eclipse.tractusx.edc.discovery.e2e.ConnectorParameterDiscoveryTest","org.eclipse.tractusx.edc.discovery.e2e.ConnectorParameterDiscoveryTest","discoveryShouldReturn08DspParams_whenDsp2025NotAvailable_BpnAsIdentifier"
"","2900","transferFile_azureToS3MultipleFiles(Vault)","","Mon Jun 29 08:21:32 UTC 2026","passed","Mon Jun 29 08:21:34 UTC 2026","","org.eclipse.tractusx.edc.dataplane.transfer.test.MultiCloudTest","org.eclipse.tractusx.edc.dataplane.transfer.test.MultiCloudTest","transferFile_azureToS3MultipleFiles"
"","59","Policy is not accepted due to missing context ""Affiliates Region (IS_ANY_OF, one element)""","","Mon Jun 29 08:20:48 UTC 2026","passed","Mon Jun 29 08:20:48 UTC 2026","","org.eclipse.tractusx.edc.tests.policy.PolicyDefinitionEndToEndTest","org.eclipse.tractusx.edc.tests.policy.PolicyDefinitionEndToEndTest","shouldNotAcceptInvalidNamespacePolicyDefinitions"
"","15792","Malicious actor should not impersonate a consumer by creating a VP with the consumer membership credential","","Mon Jun 29 08:21:04 UTC 2026","passed","Mon Jun 29 08:21:19 UTC 2026","","org.eclipse.tractusx.edc.tests.transfer.CredentialSpoofTest","org.eclipse.tractusx.edc.tests.transfer.CredentialSpoofTest","shouldNotImpersonateConsumer_withWrappedConsumerCredential"
"","35","Policy is not accepted due to missing context ""Confidential Information Measures""","","Mon Jun 29 08:20:49 UTC 2026","passed","Mon Jun 29 08:20:49 UTC 2026","","org.eclipse.tractusx.edc.tests.policy.PolicyDefinitionEndToEndTest","org.eclipse.tractusx.edc.tests.policy.PolicyDefinitionEndToEndTest","shouldNotAcceptInvalidNamespacePolicyDefinitions"
"","45","Policy is not accepted due to missing context ""Jurisdiction Location""","","Mon Jun 29 08:20:49 UTC 2026","passed","Mon Jun 29 08:20:49 UTC 2026","","org.eclipse.tractusx.edc.tests.policy.PolicyDefinitionEndToEndTest","org.eclipse.tractusx.edc.tests.policy.PolicyDefinitionEndToEndTest","shouldNotAcceptInvalidNamespacePolicyDefinitions"
"","60","Policy is accepted ""Enforce data usage end date 1 day in the future""","","Mon Jun 29 08:20:47 UTC 2026","passed","Mon Jun 29 08:20:47 UTC 2026","","org.eclipse.tractusx.edc.tests.policy.PolicyDefinitionEndToEndTest","org.eclipse.tractusx.edc.tests.policy.PolicyDefinitionEndToEndTest","shouldAcceptValidPolicyDefinitions"
"","32810","shouldTerminateTransfer_whenDataProvisioningEndDatePolicyExpires()","","Mon Jun 29 08:21:11 UTC 2026","passed","Mon Jun 29 08:21:44 UTC 2026","","org.eclipse.tractusx.edc.tests.policy.PolicyMonitorEndToEndTest","org.eclipse.tractusx.edc.tests.policy.PolicyMonitorEndToEndTest","shouldTerminateTransfer_whenDataProvisioningEndDatePolicyExpires"
"","2431","Refresh token success","","Mon Jun 29 08:20:39 UTC 2026","passed","Mon Jun 29 08:20:42 UTC 2026","","org.eclipse.tractusx.edc.dataplane.tokenrefresh.e2e.DataPlaneTokenRefreshEndToEndTest","org.eclipse.tractusx.edc.dataplane.tokenrefresh.e2e.DataPlaneTokenRefreshEndToEndTest","refresh_success"
"","8002","transferData_withExpiredEdr_shouldReturn4xx()","","Mon Jun 29 08:25:39 UTC 2026","passed","Mon Jun 29 08:25:47 UTC 2026","","org.eclipse.tractusx.edc.tests.transfer.TransferWithTokenRefreshTest","org.eclipse.tractusx.edc.tests.transfer.TransferWithTokenRefreshTest","transferData_withExpiredEdr_shouldReturn4xx"
"","4476","transferData_failing_withProxyOriginalResponse_withoutSourceResponseBody()","","Mon Jun 29 08:22:14 UTC 2026","passed","Mon Jun 29 08:22:19 UTC 2026","","org.eclipse.tractusx.edc.tests.transfer.TransferPullEndToEndTest.Dsp08to08","org.eclipse.tractusx.edc.tests.transfer.TransferPullEndToEndTest$Dsp08to08","transferData_failing_withProxyOriginalResponse_withoutSourceResponseBody"
"","44","Policy is not accepted because definition is not correct ""Access Policy with prohibition rule""","","Mon Jun 29 08:20:48 UTC 2026","passed","Mon Jun 29 08:20:48 UTC 2026","","org.eclipse.tractusx.edc.tests.policy.PolicyDefinitionEndToEndTest","org.eclipse.tractusx.edc.tests.policy.PolicyDefinitionEndToEndTest","shouldNotAcceptInvalidPolicyDefinitions"
"","4084","transferData_privateBackend_withConsumerDataPlane()","","Mon Jun 29 08:22:59 UTC 2026","passed","Mon Jun 29 08:23:03 UTC 2026","","org.eclipse.tractusx.edc.tests.transfer.TransferPullEndToEndTest.Dsp2025to2025","org.eclipse.tractusx.edc.tests.transfer.TransferPullEndToEndTest$Dsp2025to2025","transferData_privateBackend_withConsumerDataPlane"
"","1824","Expect the Catalog request to fail if a credential is expired","","Mon Jun 29 08:21:45 UTC 2026","passed","Mon Jun 29 08:21:47 UTC 2026","","org.eclipse.tractusx.edc.tests.transfer.DivConsumerPullTest","org.eclipse.tractusx.edc.tests.transfer.DivConsumerPullTest","catalogRequest_whenCredentialExpired"
"","4069","transferData_unsuccessful_notReturnOriginalSourceResponseCode_withTerminate()","","Mon Jun 29 08:21:51 UTC 2026","passed","Mon Jun 29 08:21:55 UTC 2026","","org.eclipse.tractusx.edc.tests.transfer.TransferPullEndToEndTest.Dsp08to08","org.eclipse.tractusx.edc.tests.transfer.TransferPullEndToEndTest$Dsp08to08","transferData_unsuccessful_notReturnOriginalSourceResponseCode_withTerminate"
"","116","BusinessPartnerUpdated event is published","","Mon Jun 29 08:20:33 UTC 2026","passed","Mon Jun 29 08:20:33 UTC 2026","","org.eclipse.tractusx.edc.tests.bpn.events.BusinessPartnerEventTest","org.eclipse.tractusx.edc.tests.bpn.events.BusinessPartnerEventTest","shouldPublishBusinessPartnerUpdatedEvent"
"","116","discoveryShouldReturn400_whenNoProtocolsAvailable()","","Mon Jun 29 08:21:04 UTC 2026","passed","Mon Jun 29 08:21:05 UTC 2026","","org.eclipse.tractusx.edc.discovery.e2e.ConnectorParameterDiscoveryTest","org.eclipse.tractusx.edc.discovery.e2e.ConnectorParameterDiscoveryTest","discoveryShouldReturn400_whenNoProtocolsAvailable"
"","2068","transferFile_s3ToAzureMultipleFiles(Vault)","","Mon Jun 29 08:21:41 UTC 2026","passed","Mon Jun 29 08:21:43 UTC 2026","","org.eclipse.tractusx.edc.dataplane.transfer.test.MultiCloudTest","org.eclipse.tractusx.edc.dataplane.transfer.test.MultiCloudTest","transferFile_s3ToAzureMultipleFiles"
"","953","shouldFail_whenDestinationBucketDoesNotExist()","","Mon Jun 29 08:21:53 UTC 2026","passed","Mon Jun 29 08:21:54 UTC 2026","","org.eclipse.tractusx.edc.dataplane.transfer.test.S3ToS3Test","org.eclipse.tractusx.edc.dataplane.transfer.test.S3ToS3Test","shouldFail_whenDestinationBucketDoesNotExist"
"","2088","transferMultipleFile_success(Vault)","","Mon Jun 29 08:21:13 UTC 2026","passed","Mon Jun 29 08:21:15 UTC 2026","","org.eclipse.tractusx.edc.dataplane.transfer.test.AzureToAzureTest","org.eclipse.tractusx.edc.dataplane.transfer.test.AzureToAzureTest","transferMultipleFile_success"
"","38","Policy is not accepted due to missing context ""Liability""","","Mon Jun 29 08:20:49 UTC 2026","passed","Mon Jun 29 08:20:49 UTC 2026","","org.eclipse.tractusx.edc.tests.policy.PolicyDefinitionEndToEndTest","org.eclipse.tractusx.edc.tests.policy.PolicyDefinitionEndToEndTest","shouldNotAcceptInvalidNamespacePolicyDefinitions"
"","43","Policy is not accepted due to missing context ""Warranty Definition""","","Mon Jun 29 08:20:49 UTC 2026","passed","Mon Jun 29 08:20:49 UTC 2026","","org.eclipse.tractusx.edc.tests.policy.PolicyDefinitionEndToEndTest","org.eclipse.tractusx.edc.tests.policy.PolicyDefinitionEndToEndTest","shouldNotAcceptInvalidNamespacePolicyDefinitions"
"","46","Policy is not accepted due to missing context ""Affiliates BPNL""","","Mon Jun 29 08:20:48 UTC 2026","passed","Mon Jun 29 08:20:48 UTC 2026","","org.eclipse.tractusx.edc.tests.policy.PolicyDefinitionEndToEndTest","org.eclipse.tractusx.edc.tests.policy.PolicyDefinitionEndToEndTest","shouldNotAcceptInvalidNamespacePolicyDefinitions"
"","5124","httpPushDataTransfer()","","Mon Jun 29 08:24:17 UTC 2026","passed","Mon Jun 29 08:24:22 UTC 2026","","org.eclipse.tractusx.edc.tests.transfer.TransferPushEndToEndTest.Dsp08to08","org.eclipse.tractusx.edc.tests.transfer.TransferPushEndToEndTest$Dsp08to08","httpPushDataTransfer"
"","2384","The refresh token does not match the stored one","","Mon Jun 29 08:20:32 UTC 2026","passed","Mon Jun 29 08:20:34 UTC 2026","","org.eclipse.tractusx.edc.dataplane.tokenrefresh.e2e.DataPlaneTokenRefreshEndToEndTest","org.eclipse.tractusx.edc.dataplane.tokenrefresh.e2e.DataPlaneTokenRefreshEndToEndTest","refresh_withWrongRefreshToken"
"","5053","transferData_success_withProxyOriginalResponse()","","Mon Jun 29 08:22:19 UTC 2026","passed","Mon Jun 29 08:22:24 UTC 2026","","org.eclipse.tractusx.edc.tests.transfer.TransferPullEndToEndTest.Dsp08to08","org.eclipse.tractusx.edc.tests.transfer.TransferPullEndToEndTest$Dsp08to08","transferData_success_withProxyOriginalResponse"
"","76","Policy is accepted ""Jurisdiction Location""","","Mon Jun 29 08:20:46 UTC 2026","passed","Mon Jun 29 08:20:46 UTC 2026","","org.eclipse.tractusx.edc.tests.policy.PolicyDefinitionEndToEndTest","org.eclipse.tractusx.edc.tests.policy.PolicyDefinitionEndToEndTest","shouldAcceptValidPolicyDefinitions"
